{"Episode": 500, "Steps": 100, "_timestamp": 1717007038.727629, "_runtime": 16631.204272031784, "_step": 998, "Accuracy": 87.98751831054688}