{"Episode": 784, "Steps": 100, "_timestamp": 1716925662.2913666, "_runtime": 11484.529616594315, "_step": 1567, "Accuracy": 87.50391387939453}